source_row,learning_name,platform,modality,languages,link,final_url,ok,status_code,checked_at_utc,error
1,Health and Migration: Regional strategic lines of action on health and migration - 2022,Virtual campus for public health,online,"English, Spanish",https://campus.paho.org/en/course/health-and-migration,https://campus.paho.org/en/course/health-and-migration,true,200,2026-01-29T09:11:04.268031+00:00,
2,Health Cluster Coordination,OpenWHO,online,English,https://openwho.org/playlist/dedicated/495459/0_tueews0p/0_ah5tl4il,https://openwho.org/playlist/dedicated/495459/0_tueews0p/0_ah5tl4il,true,200,2026-01-29T09:11:05.083345+00:00,
3,Health Emergency Readiness for Response Operations,OpenWHO,online,English,https://openwho.org/playlist/dedicated/504475/0_ig03lfgl/0_sapp05yg,https://openwho.org/playlist/dedicated/504475/0_ig03lfgl/0_sapp05yg,true,200,2026-01-29T09:11:05.706920+00:00,
4,Health Security Training for Western Balkans,,in_person,English,,,false,,2026-01-29T09:11:06.473408+00:00,empty url
5,Hospital Violence Preparedness Assessment Tool,Virtual campus for public health,online,Spanish,https://www.campusvirtualsp.org/es/node/28750,https://campus.paho.org/es/curso/herramienta-de-evaluacion-de-la-preparacion-hospitalaria-frente-la-violencia,true,200,2026-01-29T09:11:06.473408+00:00,
6,How to install Go.Data,OpenWHO,online,"English, Spanish",https://openwho.org/playlist/dedicated/502240/0_glt2e3wv/0_t0bf5iq1,https://openwho.org/playlist/dedicated/502240/0_glt2e3wv/0_t0bf5iq1,true,200,2026-01-29T09:11:07.753452+00:00,
7,International Coordinating Group on Vaccine Provision,OpenWHO,online,English,https://openwho.org/channel/International%2BCoordinating%2BGroup%2Bon%2BVaccine%2BProvision/528037,https://openwho.org/channel/International%2BCoordinating%2BGroup%2Bon%2BVaccine%2BProvision/528037,true,200,2026-01-29T09:11:08.246302+00:00,
8,IDSR Training,OpenWHO,online,English,https://openwho.org/channel/Integrated+disease+surveillance+and+response/500000,https://openwho.org/channel/Integrated+disease+surveillance+and+response/500000,true,200,2026-01-29T09:11:08.928961+00:00,
9,IMS and ERF training for WCOs,,in_person,English,,,false,,2026-01-29T09:11:09.324621+00:00,empty url
10,Incident Command System for Hospitals (ICS-H),Virtual campus for public health,online,Spanish,https://www.campusvirtualsp.org/es/node/29200,https://campus.paho.org/es/curso/sistema-de-comando-de-incidentes-para-hospitales,true,200,2026-01-29T09:11:09.324621+00:00,
11,Infectious Substances Shipping Training (e-ISST) Global,HSLP,online,English,https://extranet.who.int/hslp/training/course/index.php?categoryid=43,https://extranet.who.int/hslp/training/course/index.php?categoryid=43,false,,2026-01-29T09:11:10.377011+00:00,"HTTPSConnectionPool(host='extranet.who.int', port=443): Read timed out. (read timeout=20.0)"
12,Influenza sentinel surveillance training,OpenWHO,online,English,https://openwho.org/playlist/dedicated/501679/0_9dc1d2ag/0_7ity3lsm,https://openwho.org/playlist/dedicated/501679/0_9dc1d2ag/0_7ity3lsm,true,200,2026-01-29T09:13:17.681749+00:00,
13,Influenza surveillance data analysis and bulletin writing workshop,,in_person,English,,,false,,2026-01-29T09:13:18.380120+00:00,empty url
14,Influenza surveillance data threshold setting workshop,,in_person,English,,,false,,2026-01-29T09:13:18.380120+00:00,empty url
15,Infodemic Management 101,OpenWHO,online,English,https://openwho.org/playlist/dedicated/499738/0_47ngign5/0_q6tpx5f6,https://openwho.org/playlist/dedicated/499738/0_47ngign5/0_q6tpx5f6,true,200,2026-01-29T09:13:18.380120+00:00,
16,Infodemic Management: Addressing health misinformation and disinformation,OpenWHO,online,English,https://openwho.org/playlist/dedicated/499738/0_4tojm0ij/0_5zupie62,https://openwho.org/playlist/dedicated/499738/0_4tojm0ij/0_5zupie62,true,200,2026-01-29T09:13:19.078201+00:00,
17,Infodemic Management: Defining a taxonomy for social listening,OpenWHO,online,English,https://openwho.org/playlist/dedicated/499738/0_fsg88i20/0_mbihfi83,https://openwho.org/playlist/dedicated/499738/0_fsg88i20/0_mbihfi83,true,200,2026-01-29T09:13:19.809207+00:00,
18,Infodemic management: Developing an infodemic insights report,OpenWHO,online,English,https://openwho.org/playlist/dedicated/499738/0_tbe4lkl3/0_u6k3jz0o,https://openwho.org/playlist/dedicated/499738/0_tbe4lkl3/0_u6k3jz0o,true,200,2026-01-29T09:13:20.419413+00:00,
19,Infodemic Management: Social marketing and message testing methods,OpenWHO,online,English,https://openwho.org/playlist/dedicated/499738/0_upydku29/0_8zk7zfd2,https://openwho.org/playlist/dedicated/499738/0_upydku29/0_8zk7zfd2,true,200,2026-01-29T09:13:20.949129+00:00,
20,Infodemic Management: Using human-centered design good practices,OpenWHO,online,English,https://openwho.org/playlist/dedicated/499738/0_st7yq8gd/0_ab9vz8fn,https://openwho.org/playlist/dedicated/499738/0_st7yq8gd/0_ab9vz8fn,true,200,2026-01-29T09:13:21.481512+00:00,
21,Infodemic Management: Working effectively as an infodemic manager in the field,OpenWHO,online,English,https://openwho.org/playlist/dedicated/499738/0_npzy2jre/0_7debt56o,https://openwho.org/playlist/dedicated/499738/0_npzy2jre/0_7debt56o,true,200,2026-01-29T09:13:21.984395+00:00,
22,Interregional Field Simulation Exercise (IFX) Programme for Rapid Response Mobile Labs,GOARN,in_person,English,,,false,,2026-01-29T09:13:22.522707+00:00,empty url
23,Introducing Mental Health and Psychosocial Support (MHPSS) in emergencies,OpenWHO,online,"English, Spanish, Polish, Ukrainian",https://openwho.org/playlist/dedicated/536361/0_fi0dbfix/0_blb84xc7,https://openwho.org/playlist/dedicated/536361/0_fi0dbfix/0_blb84xc7,true,200,2026-01-29T09:13:22.522707+00:00,
24,Introduction to Epidemic Intelligence from Open Sources,WHO Academy,online,"Arabic, English, French, Portuguese, Spanish",https://whoacademy.org/coursewares/course-v1:WHOAcademy-Hosted+H0119EN+2025_Q1?source=edX,https://whoacademy.org/coursewares/course-v1:WHOAcademy-Hosted+H0119EN+2025_Q1?source=edX,true,200,2026-01-29T09:13:23.129346+00:00,
25,Introduction to IHR Monitoring and Evaluation,HSLP,online,English,https://extranet.who.int/hslp/training/enrol/index.php?id=345,https://extranet.who.int/hslp/training/enrol/index.php?id=345,false,,2026-01-29T09:13:23.472475+00:00,"HTTPSConnectionPool(host='extranet.who.int', port=443): Read timed out. (read timeout=20.0)"
26,Introduction to Marburg Virus Disease,OpenWHO,online,"English, Spanish, French, Dholuo, Kiswahili, Kirundi",https://openwho.org/media/MVD%20Module%201%3A%20Introduction/0_8004qjw3/536450,https://openwho.org/media/MVD%20Module%201%3A%20Introduction/0_8004qjw3/536450,true,200,2026-01-29T09:15:30.699642+00:00,
27,Introduction to Nipah virus disease,OpenWHO,online,English,https://openwho.org/channel/Nipah+virus+disease/538567,https://openwho.org/channel/Nipah+virus+disease/538567,true,200,2026-01-29T09:15:31.239377+00:00,
28,Introduction to oxygen systems,OpenWHO,online,English,https://openwho.org/media/Oxygen%20ecosystem%20%20oxygen%20systems/0_gd4cunhh/500316,https://openwho.org/media/Oxygen%20ecosystem%20%20oxygen%20systems/0_gd4cunhh/500316,true,200,2026-01-29T09:15:31.973757+00:00,
29,Emergency Response Framework (ERF),OpenWHO,online,English,https://openwho.org/channel/Emergency+Response+Framework/537832,https://openwho.org/channel/Emergency+Response+Framework/537832,true,200,2026-01-29T09:15:32.545347+00:00,
30,Introduction to the International Health Regulations (IHR),WHO Academy,online,English,https://web-staging.lxp.academy.who.int/coursewares/course-v1:WHOA+0092_IHR_EN+2024?from=discovery&source=edX,https://whoacademy.org/coursewares/course-v1:WHOA+0092_IHR_EN+2024?from=discovery&source=edX,true,200,2026-01-29T09:15:35.632809+00:00,
31,Joint External Evaluation - Team Member Orientation,HSLP,online,English,https://extranet.who.int/hslp/training/enrol/index.php?id=116,https://extranet.who.int/hslp/training/enrol/index.php?id=116,false,,2026-01-29T09:15:35.897370+00:00,"HTTPSConnectionPool(host='extranet.who.int', port=443): Read timed out. (read timeout=20.0)"
32,Joint External Evaluation : Introduction,OpenWHO,online,English,https://openwho.org/playlist/dedicated/501681/0_lse5ad3j/0_kdylw4pv,https://openwho.org/playlist/dedicated/501681/0_lse5ad3j/0_kdylw4pv,true,200,2026-01-29T09:17:43.176585+00:00,
33,Joint External Evaluation for Subject Matter Experts,OpenWHO,online,English,https://openwho.org/playlist/dedicated/501681/0_kgk6qf51/0_hw05biam,https://openwho.org/playlist/dedicated/501681/0_kgk6qf51/0_hw05biam,true,200,2026-01-29T09:17:43.772350+00:00,
34,Joint External Evaluation for Technical Writers,OpenWHO,online,English,https://openwho.org/playlist/dedicated/501681/0_emyia387/0_6htlnfwz,https://openwho.org/playlist/dedicated/501681/0_emyia387/0_6htlnfwz,true,200,2026-01-29T09:17:44.349385+00:00,
35,Laboratory Quality Management System - Basics,HSLP,online,"English, French, Russian, Spanish",https://extranet.who.int/hslp/training/course/index.php?categoryid=41,https://extranet.who.int/hslp/training/course/index.php?categoryid=41,false,,2026-01-29T09:17:44.871504+00:00,"HTTPSConnectionPool(host='extranet.who.int', port=443): Read timed out. (read timeout=20.0)"
36,Laboratory Quality Management System Training Toolkit,HSLP,toolkit,English,https://extranet.who.int/hslp/content/LQMS-training-toolkit,https://extranet.who.int/hslp/content/LQMS-training-toolkit,true,200,2026-01-29T09:19:52.125671+00:00,
37,Lassa fever Introduction,OpenWHO,online,"English, French",https://openwho.org/playlist/dedicated/538566/0_0p8pqfkf/0_konoi3f8,https://openwho.org/playlist/dedicated/538566/0_0p8pqfkf/0_konoi3f8,true,200,2026-01-29T09:19:53.465476+00:00,
38,Leadership in Emergencies Phase 1,,online,English,,,false,,2026-01-29T09:19:53.875384+00:00,empty url
39,Leadership in Emergencies Phase 2,,blended,English,,,false,,2026-01-29T09:19:53.875384+00:00,empty url
40,Learning package for Rapid Response Teams in the context of COVID-19 in India,OpenWHO,online,English,https://openwho.org/playlist/dedicated/528113/0_gdfrptxs/0_fe1db3j1,https://openwho.org/playlist/dedicated/528113/0_gdfrptxs/0_fe1db3j1,true,200,2026-01-29T09:19:53.875384+00:00,
41,Management and Facilitation of a Country COVID-19 Intra-Action Review (IAR),OpenWHO,online,"Arabic, English, Kazakh, Spanish, Portuguese, Russian, Tajik",https://openwho.org/playlist/dedicated/552620/0_dahrllhn/0_xerri6jz,https://openwho.org/playlist/dedicated/552620/0_dahrllhn/0_xerri6jz,true,200,2026-01-29T09:19:54.224383+00:00,
42,Management and Facilitation of an After Action Review AAR,OpenWHO,online,English,https://openwho.org/playlist/dedicated/496674/0_bmn0kb3y/0_rvnw5fvh,https://openwho.org/playlist/dedicated/496674/0_bmn0kb3y/0_rvnw5fvh,true,200,2026-01-29T09:19:54.602677+00:00,
43,Management of ill travelers at points of entry in the context of the COVID-19 outbreak,HSLP,online,"Arabic, English, French, Russian",https://extranet.who.int/hslp/training/course/view.php?id=325,https://extranet.who.int/hslp/training/course/view.php?id=325,false,,2026-01-29T09:19:55.003646+00:00,"HTTPSConnectionPool(host='extranet.who.int', port=443): Read timed out. (read timeout=20.0)"
44,Mass Casualty Management,WHO Academy,online,English,https://whoacademy.org/coursewares/course-v1:WHOA+0002_MCM_EN+2025?source=edX,https://whoacademy.org/coursewares/course-v1:WHOA+0002_MCM_EN+2025?source=edX,true,200,2026-01-29T09:22:02.257893+00:00,
45,Monitoring and evaluation of national action plans on antimicrobial resistance,WHO Academy,online,English,https://web-staging.lxp.academy.who.int/coursewares/course-v1:WHOAcademy-Hosted+H0041EN+H0041EN_Q4_2024?source=edX,https://whoacademy.org/coursewares/course-v1:WHOAcademy-Hosted+H0041EN+H0041EN_Q4_2024?source=edX,true,200,2026-01-29T09:22:02.364856+00:00,
46,Mpox and the 2022-2023 global outbreak,OpenWHO,online,"English, French, Spanish",https://openwho.org/playlist/dedicated/503162/0_db1xy1c7/0_p02ol27o,https://openwho.org/playlist/dedicated/503162/0_db1xy1c7/0_p02ol27o,true,200,2026-01-29T09:22:02.579147+00:00,
47,"Mpox: Epidemiology, preparedness and response for African outbreak contexts",OpenWHO,online,"Arabic, Chinese, English, French, Portuguese, Russian, Spanish",https://openwho.org/playlist/dedicated/503162/0_2y98iloq/0_25is3ot2,https://openwho.org/playlist/dedicated/503162/0_2y98iloq/0_25is3ot2,true,200,2026-01-29T09:22:03.108895+00:00,
48,Mpox: Introductory course for African outbreak contexts,OpenWHO,online,English,https://openwho.org/playlist/dedicated/503162/0_k5teeccu/0_mtu9ipu1,https://openwho.org/playlist/dedicated/503162/0_k5teeccu/0_mtu9ipu1,true,200,2026-01-29T09:22:03.632116+00:00,
49,Multi-Hazard Response Framework: Hospital Planning for Health Emergency and Disaster Response,Virtual campus for public health,online,Spanish,https://www.campusvirtualsp.org/es/node/30623,https://campus.paho.org/es/curso/respuesta-multiamenaza-planeamiento-hospitalario-emergencias,true,200,2026-01-29T09:22:03.962926+00:00,
50,National Action Plans for Health Security (NAPHS),OpenWHO,online,English,https://openwho.org/playlist/dedicated/500114/0_xiddrvt4/0_0ft4cjao,https://openwho.org/playlist/dedicated/500114/0_xiddrvt4/0_0ft4cjao,true,200,2026-01-29T09:22:05.043528+00:00,
51,National health emergency risk communication: training package,,toolkit,English,https://www.who.int/europe/publications/i/item/WHO-EURO-2018-2993-42751-59637,https://www.who.int/europe/publications/i/item/WHO-EURO-2018-2993-42751-59637,true,200,2026-01-29T09:22:05.543851+00:00,
52,National IHR Focal Point Workshop,,in_person,English,,,false,,2026-01-29T09:22:05.766176+00:00,empty url
53,Next Generation Sequencing (NGS) for Influenza and SARS-CoV-2: From Sample Collection to Analysis,OpenWHO,online,English,https://openwho.org/playlist/dedicated/529855/0_5c4mlcg4/0_cv4xqt8h,https://openwho.org/playlist/dedicated/529855/0_5c4mlcg4/0_cv4xqt8h,true,200,2026-01-29T09:22:05.766176+00:00,
54,ONE HEALTH: Basics of multisectoral collaboration at the Human - Animal - Environment interface,WHO Academy,online,English,https://web-staging.lxp.academy.who.int/coursewares/course-v1:WHOA+0094_OH_EN+2024?from=discovery&source=edX,https://whoacademy.org/coursewares/course-v1:WHOA+0094_OH_EN+2024?from=discovery&source=edX,true,200,2026-01-29T09:22:06.153238+00:00,
55,Operational Considerations for Managing COVID-19 Cases and Outbreaks in Aviation,HSLP,online,English,https://extranet.who.int/hslp/training/enrol/index.php?id=328,https://extranet.who.int/hslp/training/enrol/index.php?id=328,false,,2026-01-29T09:22:06.304202+00:00,"HTTPSConnectionPool(host='extranet.who.int', port=443): Read timed out. (read timeout=20.0)"
56,Operational Considerations for Managing COVID-19 Cases and Outbreaks on Board Ships,HSLP,online,English,https://extranet.who.int/hslp/training/enrol/index.php?id=326,https://extranet.who.int/hslp/training/enrol/index.php?id=326,false,,2026-01-29T09:24:13.523204+00:00,"HTTPSConnectionPool(host='extranet.who.int', port=443): Read timed out. (read timeout=20.0)"
57,Operational Planning Guidelines for COVID-19 for UNCT and other partners,Virtual campus for public health,online,Spanish,https://www.campusvirtualsp.org/es/node/28952,https://campus.paho.org/es/curso/curso-cerrado-directrices-de-planificacion-operativa-para-la-covid-19-para-el-sistema-unct-y,true,200,2026-01-29T09:26:20.717742+00:00,
58,Orientation on the relevance of gender for health emergencies,,blended,English,,,false,,2026-01-29T09:26:21.884721+00:00,empty url
59,Orientation to International Outbreak Response with GOARN/WHO,GOARN,blended,English,,,false,,2026-01-29T09:26:21.884721+00:00,empty url
60,Preparedness and Resilience for Emerging Threats (PRET),OpenWHO,online,English,https://openwho.org/playlist/dedicated/536083/0_aht29z8m/0_9w81mlf1,https://openwho.org/playlist/dedicated/536083/0_aht29z8m/0_9w81mlf1,true,200,2026-01-29T09:26:21.884721+00:00,
61,Personal well-being for deployment,GOARN,online,English,https://goarnlms.org/group/49,https://goarn.who.int/lms/group/49,false,404,2026-01-29T09:26:22.348719+00:00,
62,Prevention & response to sexual exploitation & abuse for public health practitioners in Ukraine,OpenWHO,online,English,https://openwho.org/channel/PRSEAH+for+public+health+practitioners+in+Ukraine/527797,https://openwho.org/channel/PRSEAH+for+public+health+practitioners+in+Ukraine/527797,true,200,2026-01-29T09:26:23.398698+00:00,
63,Ready4Response Tier 1: Response context and principles,OpenWHO,online,"English, French, Ukrainian",https://openwho.org/playlist/dedicated/494536/0_zaoidkyu/0_08q2gf61,https://openwho.org/playlist/dedicated/494536/0_zaoidkyu/0_08q2gf61,true,200,2026-01-29T09:26:23.741196+00:00,
64,"Ready4Response Tier 2: Systems, structures and skills",OpenWHO,online,"English, French, Ukrainian",https://openwho.org/playlist/dedicated/494536/0_a0z75vwt/0_loggfb63,https://openwho.org/playlist/dedicated/494536/0_a0z75vwt/0_loggfb63,true,200,2026-01-29T09:26:24.335116+00:00,
65,Regulatory preparedness to authorize the use of pandemic vaccines in importing countries,WHO Academy,online,English,https://web-staging.lxp.academy.who.int/coursewares/course-v1:WHOA+0027_REGPREP_EN+2023?from=discovery&source=edX,https://whoacademy.org/coursewares/course-v1:WHOA+0027_REGPREP_EN+2023?from=discovery&source=edX,true,200,2026-01-29T09:26:24.734991+00:00,
66,Response Preparedness for Zoonotic Disease Outbreaks Using a One-Health Approach,OpenWHO,online,English,https://openwho.org/playlist/dedicated/525718/0_drmgsh37/0_7hsnn5w1,https://openwho.org/playlist/dedicated/525718/0_drmgsh37/0_7hsnn5w1,true,200,2026-01-29T09:26:25.068252+00:00,
67,Risk communication essentials,OpenWHO,online,English,https://openwho.org/playlist/dedicated/501691/0_8e5kljir/0_2q00gfhv,https://openwho.org/playlist/dedicated/501691/0_8e5kljir/0_2q00gfhv,true,200,2026-01-29T09:26:25.696876+00:00,
68,SARS-CoV-2 antigen rapid diagnostic testing,OpenWHO,online,"Arabic, English, Kazakh, Portuguese, Russian, Spanish, Tajik",https://openwho.org/playlist/dedicated/529855/0_9v311fgo/0_tkgay1wn,https://openwho.org/playlist/dedicated/529855/0_9v311fgo/0_tkgay1wn,true,200,2026-01-29T09:26:26.221140+00:00,
69,Strengthening collaboration between human and animal health sectors for improved health security,OpenWHO,online,English,https://openwho.org/playlist/dedicated/525718/0_frz2e7kc/0_e9jqd26k,https://openwho.org/playlist/dedicated/525718/0_frz2e7kc/0_e9jqd26k,true,200,2026-01-29T09:26:26.650411+00:00,
70,Strengthening the health sector's role in the sound management of chemicals,WHO Academy,online,English,https://web-staging.lxp.academy.who.int/coursewares/course-v1:WHOA+0033_CMM_EN+2023?from=discovery&source=edX,https://whoacademy.org/coursewares/course-v1:WHOA+0033_CMM_EN+2023?from=discovery&source=edX,true,200,2026-01-29T09:26:27.158890+00:00,
71,The Joint Risk Assessment (JRA OT): A Training for Implementers,OpenWHO,online,English,https://openwho.org/media/JRA%20Training%20for%20implementers%3A%20Overview%20/0_5wvf6ayl/525718,https://openwho.org/media/JRA%20Training%20for%20implementers%3A%20Overview%20/0_5wvf6ayl/525718,true,200,2026-01-29T09:26:27.338958+00:00,
72,The Role of Parliaments and Parliamentarians in Strengthening Health Security Preparedness,OpenWHO,online,"English, transcripts available in all official UN languages",https://openwho.org/playlist/dedicated/538740/0_q449ey6u/0_iq88tn96,https://openwho.org/playlist/dedicated/538740/0_q449ey6u/0_iq88tn96,true,200,2026-01-29T09:26:27.732738+00:00,
73,Use of Epidemic Intelligence systems with a particular focus on event-based surveillance for pandemic preparedness,WHO Academy,online,English,https://whoacademy.org/coursewares/course-v1:WHOAcademy-Hosted+H0118EN+2025_Q1?source=edX,https://whoacademy.org/coursewares/course-v1:WHOAcademy-Hosted+H0118EN+2025_Q1?source=edX,true,200,2026-01-29T09:26:28.288692+00:00,
74,Wheelchairs in emergencies,WHO Academy,online,English,https://web-staging.lxp.academy.who.int/coursewares/wheelchairs-in-emergencies-en?source=gateway,https://whoacademy.org/coursewares/wheelchairs-in-emergencies-en?source=gateway,true,200,2026-01-29T09:26:28.426460+00:00,
75,WHO costing and budgeting tool for national action plans on antimicrobial resistance,WHO Academy,online,"English, French, Spanish",https://web-staging.lxp.academy.who.int/coursewares/course-v1:WHOAcademy-Hosted+H0043EN+H0043EN_Q4_2024?source=edX,https://whoacademy.org/coursewares/course-v1:WHOAcademy-Hosted+H0043EN+H0043EN_Q4_2024?source=edX,true,200,2026-01-29T09:26:28.622453+00:00,
76,WHO Standard Operating Procedures (SOPs) for Emergencies,OpenWHO,online,English,https://openwho.org/channel/WHO+Standard+Operating+Procedures+for+Emergencies/495160,https://openwho.org/channel/WHO+Standard+Operating+Procedures+for+Emergencies/495160,true,200,2026-01-29T09:26:28.811801+00:00,
77,WHO/ICRC Basic Emergency Care: Conflict-Related Injuries,OpenWHO,online,English,https://openwho.org/playlist/dedicated/537171/0_an1ufwse/0_tk4xv7rb,https://openwho.org/playlist/dedicated/537171/0_an1ufwse/0_tk4xv7rb,true,200,2026-01-29T09:26:29.272757+00:00,
78,WHO-ICRC Basic Emergency Care: approach to the acutely ill and injured,OpenWHO,online,English,https://openwho.org/playlist/dedicated/537171/0_7mm5wr4l/0_lic60gzx,https://openwho.org/playlist/dedicated/537171/0_7mm5wr4l/0_lic60gzx,true,200,2026-01-29T09:26:29.727842+00:00,
79,Kazakhstan Country-Focused Leadership in Emergencies Course,,in_person,"English, Kazakh",,,false,,2026-01-29T09:26:30.212885+00:00,empty url
80,An integrated approach to building health systems resilience,WHO Academy,online,English,https://web-staging.lxp.academy.who.int/coursewares/course-v1:WHOAcademy-Hosted+H0060EN+H0060EN_Q4_2024?source=edX,https://whoacademy.org/coursewares/course-v1:WHOAcademy-Hosted+H0060EN+H0060EN_Q4_2024?source=edX,true,200,2026-01-29T09:26:30.212885+00:00,
81,Advancing national civil-military collaboration to strengthen health emergency preparedness,OpenWHO,online,"English, transcripts available in all official UN languages",https://openwho.org/playlist/dedicated/527251/0_5qpallbj/0_iq88tn96,https://openwho.org/playlist/dedicated/527251/0_5qpallbj/0_iq88tn96,true,200,2026-01-29T09:26:30.361083+00:00,
82,An introduction to the people-centred approach to addressing antimicrobial resistance in human health,WHO Academy,online,English,https://web-staging.lxp.academy.who.int/coursewares/course-v1:WHOAcademy-Hosted+H0040EN+H0040EN_Q4_2024?from=discovery&source=edX,https://whoacademy.org/coursewares/course-v1:WHOAcademy-Hosted+H0040EN+H0040EN_Q4_2024?from=discovery&source=edX,true,200,2026-01-29T09:26:30.735597+00:00,
83,Antimicrobial Stewardship: A competency-based approach,WHO Academy,online,English,https://web-staging.lxp.academy.who.int/coursewares/course-v1:WHOAcademy-Hosted+H0098EN+H0098EN_Q4_2024?source=edX,https://whoacademy.org/coursewares/course-v1:WHOAcademy-Hosted+H0098EN+H0098EN_Q4_2024?source=edX,true,200,2026-01-29T09:26:30.895117+00:00,
84,Assistive products in emergencies,WHO Academy,online,English,https://web-staging.lxp.academy.who.int/coursewares/assistive-products-in-emergencies-en?source=gateway,https://whoacademy.org/coursewares/assistive-products-in-emergencies-en?source=gateway,true,200,2026-01-29T09:26:31.067617+00:00,
85,Avian and other zoonotic influenza: Introduction,OpenWHO,online,English,https://openwho.org/media/Introduction%20Zoonotic%20Influenza/0_cq1foy2r/503150,https://openwho.org/media/Introduction%20Zoonotic%20Influenza/0_cq1foy2r/503150,true,200,2026-01-29T09:26:31.221375+00:00,
86,Basic Emergency Care Provider Course,,in_person,English,,,false,,2026-01-29T09:26:31.594519+00:00,empty url
87,Basic Precautions: Hand Hygiene (COVID-19),Virtual campus for public health,online,Spanish,https://www.campusvirtualsp.org/es/node/29045,https://campus.paho.org/es/curso/precauciones-higiene-manos,true,200,2026-01-29T09:26:31.594519+00:00,
88,CBDE Awareness: Recognizing Signs of Deliberate Release of Chemical or Biological Agents,OpenWHO,online,English,https://openwho.org/playlist/dedicated/501116/0_gax9z8nk/0_31qixco6,https://openwho.org/playlist/dedicated/501116/0_gax9z8nk/0_31qixco6,true,200,2026-01-29T09:26:32.540018+00:00,
89,CBDE: Preparedness for Health First Responders,OpenWHO,online,English,https://openwho.org/playlist/dedicated/501116/0_w27tnxn2/0_bfjewsep,https://openwho.org/playlist/dedicated/501116/0_w27tnxn2/0_bfjewsep,true,200,2026-01-29T09:26:32.995309+00:00,
90,CBDE: Preparedness for Public Health Professionals,OpenWHO,online,English,https://openwho.org/playlist/dedicated/501116/0_y3z538el/0_vv1olcc3,https://openwho.org/playlist/dedicated/501116/0_y3z538el/0_vv1olcc3,true,200,2026-01-29T09:26:33.529883+00:00,
91,Chemical Hazards Part I: An Introduction to Chemical Hazards,WHO Academy,online,English,https://whoacademy.org/coursewares/course-v1:WHOA+0037A_CHEMHAZ_EN+2024?source=edX,https://whoacademy.org/coursewares/course-v1:WHOA+0037A_CHEMHAZ_EN+2024?source=edX,true,200,2026-01-29T09:26:34.141346+00:00,
92,Chemical Hazards Part II: Elements for Assessment,WHO Academy,online,English,https://whoacademy.org/coursewares/course-v1:WHOA+0037B_CHEMHAZ_EN+2024?source=edX,https://whoacademy.org/coursewares/course-v1:WHOA+0037B_CHEMHAZ_EN+2024?source=edX,true,200,2026-01-29T09:26:34.358717+00:00,
93,Chemical Hazards Part III: Immediate Actions at the Event Site,WHO Academy,online,English,https://whoacademy.org/coursewares/course-v1:WHOA+0037C_CHEMHAZ_EN+2024?source=edX,https://whoacademy.org/coursewares/course-v1:WHOA+0037C_CHEMHAZ_EN+2024?source=edX,true,200,2026-01-29T09:26:34.623850+00:00,
94,"Chemical, Biological, Radiological and Nuclear (CBRN) considerations in Mass Gatherings",HSLP,online,English,https://extranet.who.int/hslp/training/enrol/index.php?id=388,https://extranet.who.int/hslp/training/enrol/index.php?id=388,false,,2026-01-29T09:26:34.747972+00:00,"HTTPSConnectionPool(host='extranet.who.int', port=443): Read timed out. (read timeout=20.0)"
95,Cholera Outbreaks: Emergency Preparedness and Response,OpenWHO,online,"English, Pashto",https://openwho.org/playlist/dedicated/493105/0_txbklgi0/0_rusjh8yz,https://openwho.org/playlist/dedicated/493105/0_txbklgi0/0_rusjh8yz,true,200,2026-01-29T09:28:42.046288+00:00,
96,Clinical management of COVID-19 respiratory equipment,OpenWHO,online,English,https://openwho.org/playlist/dedicated/529855/0_hor2h1ly/0_jdpzzxap,https://openwho.org/playlist/dedicated/529855/0_hor2h1ly/0_jdpzzxap,true,200,2026-01-29T09:28:42.496342+00:00,
97,Clinical management of patients with COVID19 General considerations,OpenWHO,online,"English, Russian",https://openwho.org/playlist/dedicated/500316/0_5lox1o7u/0_tu656kc3,https://openwho.org/playlist/dedicated/500316/0_5lox1o7u/0_tu656kc3,true,200,2026-01-29T09:28:42.872765+00:00,
98,Clinical management of patients with COVID19 Initial approach to the acutely ill patient,OpenWHO,online,"English, Russian",https://openwho.org/playlist/dedicated/500316/0_xfe055ah/0_sgcgs6yg,https://openwho.org/playlist/dedicated/500316/0_xfe055ah/0_sgcgs6yg,true,200,2026-01-29T09:28:43.341293+00:00,
99,Clinical management of patients with COVID19 Investigations and care for mild moderate and severe disease,OpenWHO,online,"English, Russian",https://openwho.org/playlist/dedicated/500316/0_5f1x2wvv/0_jlfj5odb,https://openwho.org/playlist/dedicated/500316/0_5f1x2wvv/0_jlfj5odb,true,200,2026-01-29T09:28:43.811631+00:00,
100,Clinical management of patients with COVID19 Rehabilitation of patients with COVID19,OpenWHO,online,"Armenian, Chinese, English, French, Macedonian, Russian, Ukrainian",https://openwho.org/playlist/dedicated/500316/0_ic95heel/0_ebpgu9oh,https://openwho.org/playlist/dedicated/500316/0_ic95heel/0_ebpgu9oh,true,200,2026-01-29T09:28:44.234925+00:00,
101,Controlling the Spread of COVID-19 at Ground Crossings,HSLP,online,English,https://extranet.who.int/hslp/training/enrol/index.php?id=333,https://extranet.who.int/hslp/training/enrol/index.php?id=333,false,,2026-01-29T09:28:45.768474+00:00,"HTTPSConnectionPool(host='extranet.who.int', port=443): Read timed out. (read timeout=20.0)"
102,COVID-19 Simulation Exercises Packages,Webpage,toolkit,English,https://www.who.int/emergencies/diseases/novel-coronavirus-2019/training/simulation-exercise,https://www.who.int/emergencies/diseases/novel-coronavirus-2019/training/simulation-exercise,true,200,2026-01-29T09:30:53.774259+00:00,
103,COVID-19: Putting on and Taking off Personal Protective Equipment (PPE),Virtual campus for public health,online,Spanish,https://www.campusvirtualsp.org/es/node/29023,https://campus.paho.org/es/curso/covid-19-como-ponerse-y-quitarse-el-equipo-de-proteccion-personal-epp-2020,true,200,2026-01-29T09:30:54.012513+00:00,
104,COVID-19: risk communication and community engagement,OpenWHO,online,"English, Ukrainian",https://openwho.org/playlist/dedicated/529855/0_bth07gtj/0_wlhik4bk,https://openwho.org/playlist/dedicated/529855/0_bth07gtj/0_wlhik4bk,true,200,2026-01-29T09:30:55.266420+00:00,
105,Early Warning and Response Training,,in_person,English,,,false,,2026-01-29T09:30:55.650424+00:00,empty url
106,"Ebola - Entry Screening at Ports, Airports and Land Crossings",HSLP,online,English,https://extranet.who.int/hslp/training/enrol/index.php?id=103,https://extranet.who.int/hslp/training/enrol/index.php?id=103,false,,2026-01-29T09:30:55.650424+00:00,"HTTPSConnectionPool(host='extranet.who.int', port=443): Read timed out. (read timeout=20.0)"
107,"Ebola - Exit Screening at Ports, Airports and Land Crossings",HSLP,online,English,https://extranet.who.int/hslp/training/enrol/index.php?id=98,https://extranet.who.int/hslp/training/enrol/index.php?id=98,false,,2026-01-29T09:33:02.884729+00:00,"HTTPSConnectionPool(host='extranet.who.int', port=443): Read timed out. (read timeout=20.0)"
108,Ebola and Marburg diseases screening and treatment center design,OpenWHO,online,English,https://openwho.org/playlist/dedicated/536527/0_rt7m1knx/0_j68o40ng,https://openwho.org/playlist/dedicated/536527/0_rt7m1knx/0_j68o40ng,true,200,2026-01-29T09:35:10.138857+00:00,
109,Clinical management of Ebola virus disease,OpenWHO,online,English,https://openwho.org/media/Ebola%20Module%201%3A%20Screening%20and%20triage%3A%20Recognize%20suspect%20patients%20with%20Ebola%20early/0_guwpwaxh/536527,https://openwho.org/media/Ebola%20Module%201%3A%20Screening%20and%20triage%3A%20Recognize%20suspect%20patients%20with%20Ebola%20early/0_guwpwaxh/536527,true,200,2026-01-29T09:35:10.784108+00:00,
110,Emergency Preparedness and IHR Compliance Simulation,WHO Academy,online,English,https://web-staging.lxp.academy.who.int/coursewares/course-v1:WHOA+0019_EPIC_EN+2024?from=discovery&source=edX,https://whoacademy.org/coursewares/course-v1:WHOA+0019_EPIC_EN+2024?from=discovery&source=edX,true,200,2026-01-29T09:35:11.122360+00:00,
111,"Emerging respiratory viruses, including COVID-19: methods of detection, prevention, response, and control",Virtual campus for public health,online,Spanish,https://www.campusvirtualsp.org/es/node/28738,https://campus.paho.org/es/curso/virus-respiratorios-emergentes-incluido-el-2019-ncov-metodos-de-deteccion-prevencion-respuesta,true,200,2026-01-29T09:35:11.512690+00:00,
112,ePROTECT Respiratory Infections: Occupational Health and Safety (COVID-19),Virtual campus for public health,online,Spanish,https://www.campusvirtualsp.org/es/node/28882,https://campus.paho.org/es/curso/curso-cerrado-eprotect-infecciones-respiratorias-salud-y-seguridad-ocupacional-2020-covid-19,true,200,2026-01-29T09:35:12.795307+00:00,
113,EVD - GO Package,HSLP,toolkit,English,https://extranet.who.int/hslp/content/evd-go-package,https://extranet.who.int/hslp/content/evd-go-package,true,200,2026-01-29T09:35:13.756699+00:00,
114,EVD Preparedness Training Package (WHO Regional Office for Africa – version1),HSLP,toolkit,"English, French, Portuguese",https://extranet.who.int/hslp/content/evd-training-package-1,https://extranet.who.int/hslp/content/evd-training-package-1,true,200,2026-01-29T09:35:15.905430+00:00,
115,EVD Rapid Response Teams Training Package,HSLP,toolkit,"English, French",https://extranet.who.int/hslp/content/evd-rrt-training-package,https://extranet.who.int/hslp/content/evd-rrt-training-package,true,200,2026-01-29T09:35:16.784388+00:00,
116,EVD Training Package - gCHV Training on EBOLA Flipbook and IPC,HSLP,toolkit,English,https://extranet.who.int/hslp/content/training-package-2,https://extranet.who.int/hslp/content/training-package-2,true,200,2026-01-29T09:35:17.865035+00:00,
117,EVD Training Package - Providing Safe Care in the Community,HSLP,toolkit,English,https://extranet.who.int/hslp/content/training-package-3,https://extranet.who.int/hslp/content/training-package-3,true,200,2026-01-29T09:35:18.674482+00:00,
118,Event Information Site for National IHR Focal Points (EIS),HSLP,online,English,https://extranet.who.int/hslp/training/course/index.php?categoryid=32,https://extranet.who.int/hslp/training/course/index.php?categoryid=32,false,,2026-01-29T09:35:19.504386+00:00,"HTTPSConnectionPool(host='extranet.who.int', port=443): Read timed out. (read timeout=20.0)"
119,Event Management at Points of Entry,HSLP,online,English,https://extranet.who.int/hslp/training/course/index.php?categoryid=33,https://extranet.who.int/hslp/training/course/index.php?categoryid=33,false,,2026-01-29T09:37:26.723619+00:00,"HTTPSConnectionPool(host='extranet.who.int', port=443): Read timed out. (read timeout=20.0)"
120,Facilitation skills for workshops and trainings (ToT),,in_person,English,,,false,,2026-01-29T09:39:33.994682+00:00,empty url
121,Fast Track Training on Public Health Emergencies,,blended,English,,,false,,2026-01-29T09:39:33.994682+00:00,empty url
122,Global Laboratory Leadership Programme Learning Package,HSLP,toolkit,English,https://extranet.who.int/hslp/gllp,https://extranet.who.int/hslp/gllp,true,200,2026-01-29T09:39:33.994682+00:00,
123,Go.Data: Building additional dashboards in Power BI,OpenWHO,online,English,https://openwho.org/playlist/dedicated/502240/0_rwrsmdul/0_6fjycl0h,https://openwho.org/playlist/dedicated/502240/0_rwrsmdul/0_6fjycl0h,true,200,2026-01-29T09:39:35.549696+00:00,
124,GOARN Outbreak Response Leadership Training,GOARN,blended,English,https://goarn.who.int/handbook,https://goarn.who.int/handbook,true,200,2026-01-29T09:39:36.172014+00:00,
125,GOARN Outbreak Response Scenario Training,GOARN,in_person,English,https://goarn.who.int/handbook/annex9,https://goarn.who.int/handbook/annex9,true,200,2026-01-29T09:39:36.447157+00:00,
126,Infection prevention and control for COVID-19 in health care and community settings,OpenWHO,online,English,https://openwho.org/playlist/dedicated/521973/0_h5hxtqyg/0_j4iv6bgk,https://openwho.org/playlist/dedicated/521973/0_h5hxtqyg/0_j4iv6bgk,true,200,2026-01-29T09:39:36.629601+00:00,
127,Influenza prevention and control,OpenWHO,online,"Arabic, Albanian, Chinese, English, French, Portuguese, Spanish, Russian",https://openwho.org/playlist/dedicated/501679/0_xor51fug/0_jbf659cx,https://openwho.org/playlist/dedicated/501679/0_xor51fug/0_jbf659cx,true,200,2026-01-29T09:39:37.014542+00:00,
128,PHEOC intermediate and advanced courses,,in_person,English,,,false,,2026-01-29T09:39:37.574320+00:00,empty url
129,Simulation Exercise Management: Introduction,OpenWHO,online,English,https://openwho.org/playlist/dedicated/500867/0_sz4szoxc/0_qkklla2u,https://openwho.org/playlist/dedicated/500867/0_sz4szoxc/0_qkklla2u,true,200,2026-01-29T09:39:37.574320+00:00,
130,Six steps for sustainable implementation of national action plans on antimicrobial resistance,WHO Academy,online,"English, French, Spanish",https://web-staging.lxp.academy.who.int/coursewares/course-v1:WHOAcademy-Hosted+H0042EN+H0042EN_Q4_2024?source=edX,https://whoacademy.org/coursewares/course-v1:WHOAcademy-Hosted+H0042EN+H0042EN_Q4_2024?source=edX,true,200,2026-01-29T09:39:38.044155+00:00,
131,"SocialNet: Empowering communities before, during, and after an infectious disease outbreak",OpenWHO,online,"Arabic, Chinese, English, French, Russian, Spanish",https://openwho.org/playlist/dedicated/501691/0_gu0eoh5o/0_udh6fa42,https://openwho.org/playlist/dedicated/501691/0_gu0eoh5o/0_udh6fa42,true,200,2026-01-29T09:39:38.335419+00:00,
132,WHO Simulation Exercise Management Training,iLearn,online,English,https://who.csod.com/ui/lms-learning-details/app/course/01ac7d5d-5d87-4c89-8fd0-99998c806a50,https://who.csod.com/login/render.aspx?id=defaultclp&ReturnUrl=https%3A%2F%2Fwho.csod.com%2Fui%2Flms-learning-details%2Fapp%2Fcourse%2F01ac7d5d-5d87-4c89-8fd0-99998c806a50,true,200,2026-01-29T09:39:38.872475+00:00,
133,Introduction to the International Health Regulations Monitoring and Evaluation Framework,WHO Academy,online,English,https://web-staging.lxp.academy.who.int/coursewares/course-v1:WHOA+0093_IHRME_EN+2024?source=edX,https://whoacademy.org/coursewares/course-v1:WHOA+0093_IHRME_EN+2024?source=edX,true,200,2026-01-29T09:39:39.792282+00:00,
134,"Leadership and programme management in infection prevention and control module, Trainers guide",,toolkit,English,https://cdn.who.int/media/docs/default-source/integrated-health-services-(ihs)/core-components/trainer-guide.pdf?sfvrsn=aa7f38b1_4&download=true,https://cdn.who.int/media/docs/default-source/integrated-health-services-(ihs)/core-components/trainer-guide.pdf?sfvrsn=aa7f38b1_4&download=true,true,200,2026-01-29T09:39:39.943775+00:00,
135,Infection prevention and control measures in health-care settings for Ebola or Marburg disease outbreaks,OpenWHO,online,English,https://openwho.org/playlist/dedicated/521973/0_qv81s96r/0_w6xwueg3,https://openwho.org/playlist/dedicated/521973/0_qv81s96r/0_w6xwueg3,true,200,2026-01-29T09:39:40.243811+00:00,
136,Prevention of surgical site infection (SSI) – December 2018 update,Webpage,toolkit,English,https://www.who.int/teams/integrated-health-services/infection-prevention-control/ipc-training-resources#ssi,https://www.who.int/teams/integrated-health-services/infection-prevention-control/ipc-training-resources#ssi,true,200,2026-01-29T09:39:40.740100+00:00,
137,Prevention of catheter-associated urinary tract infections (CAUTI),Webpage,toolkit,English,https://www.who.int/teams/integrated-health-services/infection-prevention-control/ipc-training-resources#CAUTI,https://www.who.int/teams/integrated-health-services/infection-prevention-control/ipc-training-resources#CAUTI,true,200,2026-01-29T09:39:40.926939+00:00,
138,Standard precautions: Injection safety and needle-stick injury management,WHO Academy,online,English,https://whoacademy.org/coursewares/course-v1:WHOAcademy-Hosted+H0113EN+2025_Q1,https://whoacademy.org/coursewares/course-v1:WHOAcademy-Hosted+H0113EN+2025_Q1,true,200,2026-01-29T09:39:41.131467+00:00,
139,IPC to combat AMR in health care settings: trainer guide,Webpage,toolkit,English,https://www.who.int/teams/integrated-health-services/infection-prevention-control/ipc-and-antimicrobial-resistance,https://www.who.int/teams/integrated-health-services/infection-prevention-control/ipc-and-antimicrobial-resistance,true,200,2026-01-29T09:39:41.238456+00:00,
140,Clinical management of respiratory diphtheria,OpenWHO,online,English,https://openwho.org/media/Diphtheria%20Module%204%3A%20Infection%20Prevention%20and%20Control%20(IPC)/0_jqyyet8x/536512,https://openwho.org/media/Diphtheria%20Module%204%3A%20Infection%20Prevention%20and%20Control%20(IPC)/0_jqyyet8x/536512,true,200,2026-01-29T09:39:41.440910+00:00,
141,Measles outbreak training,OpenWHO,online,"English, Spanish, Ukrainian",https://openwho.org/playlist/dedicated/542027/0_ad0vqtxk/0_mzwkn3v5,https://openwho.org/playlist/dedicated/542027/0_ad0vqtxk/0_mzwkn3v5,true,200,2026-01-29T09:39:41.792687+00:00,
142,Water and Sanitation for Health Facility Improvement Tool (WASH FIT) for improved quality of care,WHO Academy,online,English,https://whoacademy.org/coursewares/course-v1:WHOAcademy-Hosted+H0046EN+H0046EN_Q4_2024?from=discovery&source=edX,https://whoacademy.org/coursewares/course-v1:WHOAcademy-Hosted+H0046EN+H0046EN_Q4_2024?from=discovery&source=edX,true,200,2026-01-29T09:39:42.168879+00:00,
143,My Five Moments of Hands Hygiene,WHO Academy,online,English,https://whoacademy.org/coursewares/course-v1:WHOA+0018_MFM_EN+2022?from=discovery&source=edX,https://whoacademy.org/coursewares/course-v1:WHOA+0018_MFM_EN+2022?from=discovery&source=edX,true,200,2026-01-29T09:39:42.283360+00:00,
144,Antimicrobial Resistance in the environment: key concepts and interventions,WHO Academy,online,English,https://whoacademy.org/coursewares/course-v1:WHOAcademy-Hosted+H0049EN+H0049EN_Q4_2024?from=discovery&source=edX,https://whoacademy.org/coursewares/course-v1:WHOAcademy-Hosted+H0049EN+H0049EN_Q4_2024?from=discovery&source=edX,true,200,2026-01-29T09:39:42.422229+00:00,
145,Standard precautions: Waste management,WHO Academy,online,English,https://whoacademy.org/coursewares/course-v1:WHOAcademy-Hosted+H0109EN+2025_Q1?source=edX,https://whoacademy.org/coursewares/course-v1:WHOAcademy-Hosted+H0109EN+2025_Q1?source=edX,true,200,2026-01-29T09:39:42.522067+00:00,
146,Standard precautions: Hand hygiene,WHO Academy,online,English,https://whoacademy.org/coursewares/course-v1:WHOAcademy-Hosted+H0108EN+2025_Q1?source=edX,https://whoacademy.org/coursewares/course-v1:WHOAcademy-Hosted+H0108EN+2025_Q1?source=edX,true,200,2026-01-29T09:39:42.687434+00:00,
147,Decontamination and sterilization of medical devices,WHO Academy,online,English,https://whoacademy.org/coursewares/course-v1:WHOAcademy-Hosted+H0110EN+2025_Q1,https://whoacademy.org/coursewares/course-v1:WHOAcademy-Hosted+H0110EN+2025_Q1,true,200,2026-01-29T09:39:42.808491+00:00,
148,Transmission-based Precautions,WHO Academy,online,English,https://whoacademy.org/coursewares/course-v1:WHOAcademy-Hosted+H0114EN+2025_Q1,https://whoacademy.org/coursewares/course-v1:WHOAcademy-Hosted+H0114EN+2025_Q1,true,200,2026-01-29T09:39:42.927988+00:00,
149,Ready4Response Tier 3: Activation process,OpenWHO,online,English,https://openwho.org/playlist/dedicated/494536/0_aylkqv61/0_o9y26qzb,https://openwho.org/playlist/dedicated/494536/0_aylkqv61/0_o9y26qzb,true,200,2026-01-29T09:39:43.039923+00:00,
150,Infection Prevention and Control in Maternal and Neonatal Care,WHO Academy,online,English,https://whoacademy.org/coursewares/course-v1:WHOAcademy-Hosted+H0100EN_Q4_2024+2024_Q4?from=discovery&source=edX,https://whoacademy.org/coursewares/course-v1:WHOAcademy-Hosted+H0100EN_Q4_2024+2024_Q4?from=discovery&source=edX,true,200,2026-01-29T09:39:43.527246+00:00,
151,Prevention of vascular catheters-associated bloodstream infections,WHO Academy,online,English,https://whoacademy.org/coursewares/course-v1:WHOAcademy-Hosted+H0099EN+H0099EN_Q4_2024,https://whoacademy.org/coursewares/course-v1:WHOAcademy-Hosted+H0099EN+H0099EN_Q4_2024,true,200,2026-01-29T09:39:43.625348+00:00,
152,Antimicrobial resistance and infection prevention and control,WHO Academy,online,English,https://whoacademy.org/coursewares/course-v1:WHOAcademy-Hosted+H0098EN+H0098EN_Q4_2024?from=discovery&source=edX,https://whoacademy.org/coursewares/course-v1:WHOAcademy-Hosted+H0098EN+H0098EN_Q4_2024?from=discovery&source=edX,true,200,2026-01-29T09:39:43.737724+00:00,
153,Public Health Emergency Operations Centre (PHEOC),OpenWHO,online,"Chinese, English, French, Macedonian, Portuguese, Spanish, Russian, Ukrainian",https://openwho.org/emergencymgmt/577192/Public+Health+Emergency+Operations+Centre,https://openwho.org/emergencymgmt/577192/Public+Health+Emergency+Operations+Centre,true,200,2026-01-29T09:39:43.870714+00:00,
154,Module 1: Introduction to vSHOC,iLearn,online,English,https://who.csod.com/ui/lms-learning-details/app/course/4b567b8d-b6b8-4fd7-abdd-5365dab37ea2,https://who.csod.com/login/render.aspx?id=defaultclp&ReturnUrl=https%3A%2F%2Fwho.csod.com%2Fui%2Flms-learning-details%2Fapp%2Fcourse%2F4b567b8d-b6b8-4fd7-abdd-5365dab37ea2,true,200,2026-01-29T09:39:49.017761+00:00,
155,Module 2: vSHOC Training for Advanced Users,iLearn,online,English,https://who.csod.com/ui/lms-learning-details/app/course/3fec7503-ee30-4804-9d43-0d7db8ed4155,https://who.csod.com/login/render.aspx?id=defaultclp&ReturnUrl=https%3A%2F%2Fwho.csod.com%2Fui%2Flms-learning-details%2Fapp%2Fcourse%2F3fec7503-ee30-4804-9d43-0d7db8ed4155,true,200,2026-01-29T09:39:49.472654+00:00,
156,Module 3: vSHOC Emergency Human Resources,iLearn,online,English,https://who.csod.com/ui/lms-learning-details/app/course/5a7d5d19-5427-4456-b009-6b93d2636cba,https://who.csod.com/login/render.aspx?id=defaultclp&ReturnUrl=https%3A%2F%2Fwho.csod.com%2Fui%2Flms-learning-details%2Fapp%2Fcourse%2F5a7d5d19-5427-4456-b009-6b93d2636cba,true,200,2026-01-29T09:39:50.025348+00:00,
157,Introduction to Event Management System (EMS),iLearn,online,English,https://who.csod.com/ui/lms-learning-details/app/course/e5194f52-4d3f-4e71-9e86-26b788709135,https://who.csod.com/login/render.aspx?id=defaultclp&ReturnUrl=https%3A%2F%2Fwho.csod.com%2Fui%2Flms-learning-details%2Fapp%2Fcourse%2Fe5194f52-4d3f-4e71-9e86-26b788709135,true,200,2026-01-29T09:39:50.528178+00:00,
158,Data procedures in Event Management System (EMS),iLearn,online,English,https://who.csod.com/ui/lms-learning-details/app/course/3475ee5f-244e-438f-98d1-b1d5644e4800,https://who.csod.com/login/render.aspx?id=defaultclp&ReturnUrl=https%3A%2F%2Fwho.csod.com%2Fui%2Flms-learning-details%2Fapp%2Fcourse%2F3475ee5f-244e-438f-98d1-b1d5644e4800,true,200,2026-01-29T09:39:50.996797+00:00,
159,"EWARS in a box: electronic early warning, alert and response system implementation in emergencies",OpenWHO,online,English,https://openwho.org/playlist/dedicated/541847/0_zsd05l6v/0_och981pp,https://openwho.org/playlist/dedicated/541847/0_zsd05l6v/0_och981pp,true,200,2026-01-29T09:39:51.605416+00:00,
160,PHEOC Virtual TableTop Exercsie,,blended,"English, Russian, Arabic",,,false,,2026-01-29T09:39:52.191690+00:00,empty url
161,Virtual Course on Evaluation of Health Facilities using the Hospital Safety Index (HSIv2),Virtual campus for public health,online,English,https://campus.paho.org/en/course/health-facilities-assessment-using-hospital-safety-index,https://campus.paho.org/en/course/health-facilities-assessment-using-hospital-safety-index,true,200,2026-01-29T09:39:52.191690+00:00,
162,WHO Simulation Exercise management training course,,in_person,"English, Russian",,,false,,2026-01-29T09:39:52.740164+00:00,empty url
163,WHO IAR&AAR management course,,in_person,"English, Russian",,,false,,2026-01-29T09:39:52.740164+00:00,empty url
164,Strategic Risk Assessment training for National and Subnational Facilitators using the WHO STAR tool kit,,in_person,English,,,false,,2026-01-29T09:39:52.740164+00:00,empty url
165,Hospital Safety Index (HSI) Training,,in_person,English,,,false,,2026-01-29T09:39:52.740164+00:00,empty url
166,Mass Casualty Management Planning Workshop,,in_person,English,,,false,,2026-01-29T09:39:52.740164+00:00,empty url
167,Hospital Emergency Response Planning Workshop,,in_person,English,,,false,,2026-01-29T09:39:52.740164+00:00,empty url
168,NAPHS Training workshop,,in_person,English,,,false,,2026-01-29T09:39:52.740164+00:00,empty url
169,Introduction to PoE requirements under the IHR,,in_person,"English, Russian",,,false,,2026-01-29T09:39:52.740164+00:00,empty url
170,Assessment of core IHR public health capacities at PoE,,in_person,"English, Russian",,,false,,2026-01-29T09:39:52.740164+00:00,empty url
171,"Ship sanitation for the early detection, reporting and management of public health events particularly on board ships",,in_person,"English, Russian",,,false,,2026-01-29T09:39:52.740164+00:00,empty url
172,Development of a public health contingency plan for PoE,,in_person,"English, Russian",,,false,,2026-01-29T09:39:52.740164+00:00,empty url
173,Global competency standards for the provision of health services to refugees and migrants,WHO Academy,online,English,https://whoacademy.org/coursewares/course-v1:WHOAcademy-Hosted+H0125EN+2025_Q2,https://whoacademy.org/coursewares/course-v1:WHOAcademy-Hosted+H0125EN+2025_Q2,true,200,2026-01-29T09:39:52.740164+00:00,
174,"Health Emergency Prevention, Preparedness, Response and Resilience (HEPR)",WHO Academy,online,English,https://whoacademy.org/coursewares/course-v1:WHOAcademy-Hosted+H0089EN+2025_Q1?source=edX,https://whoacademy.org/coursewares/course-v1:WHOAcademy-Hosted+H0089EN+2025_Q1?source=edX,true,200,2026-01-29T09:39:52.837995+00:00,
175,RCCE-IM for CBRN Preparedness and Response,,blended,"English, Slovakian",,,false,,2026-01-29T09:39:52.975310+00:00,empty url
176,RCCE-IM for Mass Gatherings,,blended,English,,,false,,2026-01-29T09:39:52.975310+00:00,empty url
177,Social Listening,,blended,English,,,false,,2026-01-29T09:39:52.975310+00:00,empty url
178,RCCE-IM in Epidemiology and Outbreak Response,,in_person,"English, Russian",,,false,,2026-01-29T09:39:52.975310+00:00,empty url
179,RCCE-IM for Community Health Workers,,in_person,English,,,false,,2026-01-29T09:39:52.975310+00:00,empty url
180,Community Health Workers Promoting COVID-19 Vaccination,Webpage,online,"English, Arabic",https://www.emro.who.int/courses/covid-19-vaccine/index.htm,https://www.emro.who.int/courses/covid-19-vaccine/index.htm,true,200,2026-01-29T09:39:52.975310+00:00,
181,Effective Online Training,,online,"English, Arabic",,,false,,2026-01-29T09:39:53.264109+00:00,empty url
182,Developing behaviour-based training curriculum,,online,English,,,false,,2026-01-29T09:39:53.264109+00:00,empty url
183,Supporting partners across the capacity-building continuum,,blended,English,,,false,,2026-01-29T09:39:53.264109+00:00,empty url
184,Developing behaviour-change-based messages,,blended,English,,,false,,2026-01-29T09:39:53.264109+00:00,empty url
185,"RCCE-IM in the university curricula in faculties of Medicine, Comms and Public Health",,blended,"English, Arabic",,,false,,2026-01-29T09:39:53.264109+00:00,empty url
186,Preventing rheumatic fever and rheumatic heart disease in the community,Webpage,online,"English, Arabic",https://www.emro.who.int/courses/preventing-rf-rhd/index.htm,https://www.emro.who.int/courses/preventing-rf-rhd/index.htm,true,200,2026-01-29T09:39:53.264109+00:00,
187,Open Source Fundamentals,WHO Academy,online,English,https://whoacademy.org/coursewares/course-v1:WHOAcademy-Hosted+H0068EN+2025_Q3?source=edX,https://whoacademy.org/coursewares/course-v1:WHOAcademy-Hosted+H0068EN+2025_Q3?source=edX,true,200,2026-01-29T09:39:53.534294+00:00,
188,Outbreak investigations in health facilities,WHO Academy,online,English,https://whoacademy.org/coursewares/course-v1:WHOAcademy-Hosted+H0080EN+2025_Q1?from=discovery&source=edX,https://whoacademy.org/coursewares/course-v1:WHOAcademy-Hosted+H0080EN+2025_Q1?from=discovery&source=edX,true,200,2026-01-29T09:39:53.765727+00:00,
189,Health systems for health security,WHO Academy,online,English,https://whoacademy.org/coursewares/course-v1:WHOA+0079_HS_EN+2024?from=discovery&source=edX,https://whoacademy.org/coursewares/course-v1:WHOA+0079_HS_EN+2024?from=discovery&source=edX,true,200,2026-01-29T09:39:53.869879+00:00,
190,Virtual Course - Medical Coordination and Information Cells (CICOM),WHO Academy,online,"English, French, Portuguese, Spanish",https://whoacademy.org/coursewares/PAHO_VCPH_31285?source=gateway,https://whoacademy.org/coursewares/PAHO_VCPH_31285?source=gateway,true,200,2026-01-29T09:39:53.968451+00:00,
191,Psychological first aid (PFA) in emergency management (Primera ayuda psicológica (PAP) en el manejo de emergencias),WHO Academy,online,Spanish,https://whoacademy.org/coursewares/PAHO_VCPH_28927?source=gateway,https://whoacademy.org/coursewares/PAHO_VCPH_28927?source=gateway,true,200,2026-01-29T09:39:54.106259+00:00,
192,Prevention and Control of infections in health emergencies and disasters (Prevención y Control de Infecciones en emergencias de salud y desastres ),WHO Academy,online,Spanish,https://whoacademy.org/coursewares/PAHO_VCPH_100907?source=gateway,https://whoacademy.org/coursewares/PAHO_VCPH_100907?source=gateway,true,200,2026-01-29T09:39:54.247658+00:00,
193,Rapid Response Teams (RRT) Training Programme,OpenWHO,online,"English, French",https://openwho.org/channel/Rapid+Response+Teams+%28RRT%29+Training+Programme/606945,https://openwho.org/channel/Rapid+Response+Teams+%28RRT%29+Training+Programme/606945,true,200,2026-01-29T09:39:54.376687+00:00,
194,Defining an information environment assessment framework,OpenWHO,online,English,https://openwho.org/playlist/dedicated/499738/0_fpv6zcpi/0_eodu8xbe,https://openwho.org/playlist/dedicated/499738/0_fpv6zcpi/0_eodu8xbe,true,200,2026-01-29T09:39:54.995603+00:00,
195,,OpenWHO,online,"English, French",https://openwho.org/playlist/dedicated/503162/0_eh39zv4c/0_u7qyxu5y,https://openwho.org/playlist/dedicated/503162/0_eh39zv4c/0_u7qyxu5y,true,200,2026-01-29T09:39:55.383304+00:00,
196,Community First Aid Response Course,OpenWHO,online,English,https://openwho.org/playlist/dedicated/631540/0_yd58jxwl/0_8qdpylyv,https://openwho.org/playlist/dedicated/631540/0_yd58jxwl/0_8qdpylyv,true,200,2026-01-29T09:39:55.733344+00:00,
197,Cholera case management,OpenWHO,online,English,https://openwho.org/playlist/dedicated/493105/0_2ag4fqtv/0_s4gyb0h5,https://openwho.org/playlist/dedicated/493105/0_2ag4fqtv/0_s4gyb0h5,true,200,2026-01-29T09:39:56.223143+00:00,
